id,name,filename,mime,original_filename,user_id,ip,created_at,updated_at
1,snow jump,snow-jump.jpg,image/jpeg,1920x1080-Beautiful-skiing-wallpaper.jpg,2,94.108.124.145,2015-11-01 12:29:54,2015-11-01 12:29:54
2,freestyle jump,freestyle-jump.jpg,image/jpeg,newschool.jpg,3,122.229.72.97,2015-11-01 12:35:10,2015-11-01 12:35:10
3,America skiing in bikini,America-skiing-in-bikini.jpg,image/jpeg,bikini-skiing.jpg,4,73.16.174.66,2015-11-01 12:36:12,2015-11-01 12:36:12
4,Heli skiing in Iceland,Heli-skiing-in-Iceland.jpg,image/jpeg,1321875606-heli-skiing-in-northern-iceland.jpg,5,69.136.152.73,2015-11-01 12:37:06,2015-11-01 12:37:06
5,Iceland beauty,Iceland-beauty.jpg,image/jpeg,1321875551-arctic-heli-skiing-iceland.jpg,6,156.73.105.155,2015-11-02 12:39:24,2015-11-02 12:39:24
6,Amazing Greenland boarding,Amazing-Greenland-boarding.jpg,image/jpeg,greenlandheliboarding.jpg,7,6.203.121.225,2015-11-03 12:45:23,2015-11-03 12:45:23
7,In Tignes,In-Tignes.jpg,image/jpeg,tignes_thumb.jpg,8,236.104.149.122,2015-11-04 12:46:03,2015-11-04 12:46:03
8,Bikini skiing,Bikini-skiing.jpg,image/jpeg,45b5ebedd9ecb8bb471a7b269f2921d5a842a5a8.jpg,9,191.84.104.239,2015-11-05 12:46:47,2015-11-05 12:46:47
9,Jump,Jump.jpg,image/jpeg,Jump-Ski-Ice-Wallpaper-For-Desktop-79194.jpg,10,18.42.215.18,2015-11-06 12:47:27,2015-11-06 12:47:27
10,Heli-Skiing In Alaska,Heli-Skiing-In-Alaska.jpeg,image/jpeg,heli-skiing-in-alaska-5.jpeg,11,251.215.154.253,2015-11-06 12:48:39,2015-11-06 12:48:39
11,Snowboarding in bikinis,Snowboarding-in-bikinis.jpg,image/jpeg,1575_470749596326475_177581768_n5.jpg,12,120.37.71.155,2015-11-06 12:51:07,2015-11-06 12:51:07
12,Mountain Ropeway,Mountain-Ropeway.jpg,image/jpeg,mountain_ropeway_ski_resort-wide.jpg,13,61.102.78.184,2015-11-06 12:56:09,2015-11-06 12:56:09
13,Crazy skiing,Crazy-skiing.jpg,image/jpeg,skiing-in-bikinis-04.jpg,14,65.102.226.188,2015-11-06 12:57:42,2015-11-06 12:57:42
14,Heliski,Heliski.jpg,image/jpeg,heliski3_1107256c.jpg,15,111.127.123.244,2015-11-06 12:58:19,2015-11-06 12:58:19
15,Sunny skiing in France,Sunny-skiing-in-France.jpg,image/jpeg,MHP_5259_GM.jpg,16,228.85.210.189,2015-11-06 13:00:43,2015-11-06 13:00:43
16,on the edge,on-the-edge.jpg,image/jpeg,ant.jpg,27,127.0.0.1,2015-11-12 08:04:34,2015-11-12 08:04:34



